S. No.,State,District,AC,Block,Panchayat,Village,Habitation,Location,Type Of Source,Lab Name,Testing Date,Above Permissible Limit +ACY- (6.5 +ADw- pH +AD4- 8.5) (Mandatory+ACo-),Below Permissible Limit (Mandatory+ACo-),Above Permissible Limit (Emerging / Other+ACoAKg-),Below Permissible Limit (Emerging / Other+ACoAKg-)
1,BIHAR,SUPAUL,PIPRA,KISHANPUR,MOUJAHA,SUJANPUR,SAJANPUR,Inside Habitation / SC150087928,Shallow Tubewell,SUPAUL,06/04/2015,Iron+AFs-1.16 Mg/l+AF0-,+ACI-Fluoride+AFs-0.93 Mg/l+AF0-,pH+AFs-7.19 PH+AF0-,TDS+AFs-524.00 Mg/l+AF0-+ACI-,,Turbidity+AFs-3.00 NTU+AF0-
2,BIHAR,SUPAUL,PIPRA,KISHANPUR,SUKHASAN,SUKHASAN (PT+AC0-KISHANPUR) +ACo-,SUKHASAN,Inside Habitation / SC150088000,Shallow Tubewell,SUPAUL,06/04/2015,,+ACI-Iron+AFs-0.26 Mg/l+AF0-,Fluoride+AFs-0.85 Mg/l+AF0-,pH+AFs-7.28 PH+AF0-,TDS+AFs-415.00 Mg/l+AF0-+ACI-,,Turbidity+AFs-1.00 NTU+AF0-
3,BIHAR,SUPAUL,NIRMALI,NIRMALI,KUNAOLEE,KUNALI,HARIJAN TOLA I,Inside Habitation / SC150089717,Deep Tubewell,SUPAUL,03/04/2015,,+ACI-Iron+AFs-0.26 Mg/l+AF0-,Fluoride+AFs-0.97 Mg/l+AF0-,pH+AFs-7.25 PH+AF0-,TDS+AFs-413.00 Mg/l+AF0-+ACI-,,Turbidity+AFs-2.00 NTU+AF0-
4,BIHAR,SUPAUL,NIRMALI,NIRMALI,KUNAOLEE,KUNALI,RAJPUT TOLA III,+ACI-Nmm,j / SC1737507+ACI-,Shallow Tubewell,SUPAUL,03/04/2015,,+ACI-Iron+AFs-0.20 Mg/l+AF0-,Fluoride+AFs-0.96 Mg/l+AF0-,pH+AFs-7.23 PH+AF0-,TDS+AFs-415.00 Mg/l+AF0-+ACI-,,Turbidity+AFs-2.00 NTU+AF0-
5,BIHAR,SUPAUL,NIRMALI,NIRMALI,KUNAOLEE,KUNALI,THAKUR TOLA,SC1737813,Shallow Tubewell,SUPAUL,03/04/2015,,+ACI-Iron+AFs-0.23 Mg/l+AF0-,Fluoride+AFs-0.97 Mg/l+AF0-,pH+AFs-7.28 PH+AF0-,TDS+AFs-416.00 Mg/l+AF0-+ACI-,,Turbidity+AFs-2.00 NTU+AF0-
6,BIHAR,SUPAUL,PIPRA,PIPRA,TULAPATTI,MAHICHANDA,BRAHMAN TOLA,Nc/Pc Scheme For Pipra Block / SC4435728,Deep Tubewell,SUPAUL,03/04/2015,,+ACI-Iron+AFs-0.23 Mg/l+AF0-,Fluoride+AFs-0.95 Mg/l+AF0-,pH+AFs-7.28 PH+AF0-,TDS+AFs-417.00 Mg/l+AF0-+ACI-,,Turbidity+AFs-2.00 NTU+AF0-
7,BIHAR,SUPAUL,PIPRA,PIPRA,TULAPATTI,TULAPATTI,MIYA TOLA,Nc/Pc Scheme For Pipra Block / SC4435738,Deep Tubewell,SUPAUL,02/04/2015,Iron+AFs-1.14 Mg/l+AF0-,+ACI-Fluoride+AFs-0.87 Mg/l+AF0-,pH+AFs-7.14 PH+AF0-,TDS+AFs-418.00 Mg/l+AF0-+ACI-,,Turbidity+AFs-1.00 NTU+AF0-
8,BIHAR,SUPAUL,TRIVENIGANJ,TRIBENIGANJ,PATHARAGOUR DHOE,PATHRAGORDHOI,MANDAL TOLA,SC150002123,Deep Tubewell,SUPAUL,01/09/2015,,+ACI-Iron+AFs-0.17 Mg/l+AF0-,Fluoride+AFs-0.63 Mg/l+AF0-,pH+AFs-7.27 PH+AF0-,TDS+AFs-312.00 Mg/l+AF0-+ACI-,,Turbidity+AFs-1.00 NTU+AF0-
9,BIHAR,SUPAUL,TRIVENIGANJ,TRIBENIGANJ,PATHARAGOUR DHOE,PATHRAGORDHOI,MANDAL TOLA,Inside Habitation / SC150085899,Shallow Tubewell,SUPAUL,01/09/2015,,+ACI-Iron+AFs-0.22 Mg/l+AF0-,Fluoride+AFs-0.76 Mg/l+AF0-,pH+AFs-7.21 PH+AF0-,TDS+AFs-329.00 Mg/l+AF0-+ACI-,,Turbidity+AFs-1.00 NTU+AF0-
10,BIHAR,SUPAUL,TRIVENIGANJ,TRIBENIGANJ,PATHARAGOUR DHOE,PATHRAGORDHOI,MANDAL TOLA,Inside Habitation / SC150085900,Shallow Tubewell,SUPAUL,01/09/2015,,+ACI-Iron+AFs-0.26 Mg/l+AF0-,Fluoride+AFs-0.78 Mg/l+AF0-,pH+AFs-7.14 PH+AF0-,TDS+AFs-329.00 Mg/l+AF0-+ACI-,,Turbidity+AFs-1.00 NTU+AF0-
11,BIHAR,SUPAUL,TRIVENIGANJ,TRIBENIGANJ,PATHARAGOUR DHOE,PATHRAGORDHOI,MANDAL TOLA,Inside Habitation / SC150090637,Shallow Tubewell,SUPAUL,01/09/2015,,+ACI-Iron+AFs-0.26 Mg/l+AF0-,Fluoride+AFs-0.73 Mg/l+AF0-,pH+AFs-7.18 PH+AF0-,TDS+AFs-312.00 Mg/l+AF0-+ACI-,,Turbidity+AFs-1.00 NTU+AF0-
12,BIHAR,SUPAUL,TRIVENIGANJ,TRIBENIGANJ,PATHARAGOUR DHOE,PATHRAGORDHOI,MANDAL TOLA,SC3927672,Deep Tubewell,SUPAUL,01/09/2015,,+ACI-Iron+AFs-0.16 Mg/l+AF0-,Fluoride+AFs-0.75 Mg/l+AF0-,pH+AFs-7.19 PH+AF0-,TDS+AFs-356.00 Mg/l+AF0-+ACI-,,Turbidity+AFs-2.00 NTU+AF0-
13,BIHAR,SUPAUL,TRIVENIGANJ,TRIBENIGANJ,PATHARAGOUR DHOE,PATHRAGORDHOI,MANDAL TOLA,SC4621772,Deep Tubewell,SUPAUL,01/09/2015,,+ACI-Iron+AFs-0.11 Mg/l+AF0-,Fluoride+AFs-0.55 Mg/l+AF0-,pH+AFs-7.21 PH+AF0-,TDS+AFs-288.00 Mg/l+AF0-+ACI-,,Turbidity+AFs-1.00 NTU+AF0-
14,BIHAR,SUPAUL,TRIVENIGANJ,TRIBENIGANJ,PATHARAGOUR DHOE,PATHRAGORDHOI,MANDAL TOLA,SC47836,Shallow Tubewell,SUPAUL,01/09/2015,,+ACI-Iron+AFs-0.28 Mg/l+AF0-,Fluoride+AFs-0.73 Mg/l+AF0-,pH+AFs-7.18 PH+AF0-,TDS+AFs-312.00 Mg/l+AF0-+ACI-,,Turbidity+AFs-2.00 NTU+AF0-
15,BIHAR,SUPAUL,TRIVENIGANJ,TRIBENIGANJ,PATHARAGOUR DHOE,PATHRAGORDHOI,MANDAL TOLA,SC49818,Shallow Tubewell,SUPAUL,01/09/2015,,+ACI-Iron+AFs-0.24 Mg/l+AF0-,Fluoride+AFs-0.58 Mg/l+AF0-,pH+AFs-7.18 PH+AF0-,TDS+AFs-321.00 Mg/l+AF0-+ACI-,,Turbidity+AFs-1.00 NTU+AF0-
16,BIHAR,SUPAUL,TRIVENIGANJ,TRIBENIGANJ,PATHARAGOUR DHOE,PATHRAGORDHOI,MIYA TOLA,Inside Habitation / SC150085898,Deep Tubewell,SUPAUL,01/09/2015,,+ACI-Iron+AFs-0.28 Mg/l+AF0-,Fluoride+AFs-0.79 Mg/l+AF0-,pH+AFs-7.06 PH+AF0-,TDS+AFs-312.00 Mg/l+AF0-+ACI-,,Turbidity+AFs-1.00 NTU+AF0-
17,BIHAR,SUPAUL,TRIVENIGANJ,TRIBENIGANJ,PATHARAGOUR DHOE,PATHRAGORDHOI,MIYA TOLA,Inside Habitation / SC150090636,Deep Tubewell,SUPAUL,01/09/2015,,+ACI-Iron+AFs-0.18 Mg/l+AF0-,Fluoride+AFs-0.78 Mg/l+AF0-,pH+AFs-7.11 PH+AF0-,TDS+AFs-323.00 Mg/l+AF0-+ACI-,,Turbidity+AFs-1.00 NTU+AF0-
18,BIHAR,SUPAUL,TRIVENIGANJ,TRIBENIGANJ,PATHARAGOUR DHOE,PATHRAGORDHOI,MIYA TOLA,T/W 7 / SC150145511,Deep Tubewell,SUPAUL,01/09/2015,,+ACI-Iron+AFs-0.23 Mg/l+AF0-,Fluoride+AFs-0.73 Mg/l+AF0-,pH+AFs-7.18 PH+AF0-,TDS+AFs-362.00 Mg/l+AF0-+ACI-,,Turbidity+AFs-1.00 NTU+AF0-
19,BIHAR,SUPAUL,TRIVENIGANJ,TRIBENIGANJ,PATHARAGOUR DHOE,PATHRAGORDHOI,MIYA TOLA,Nc/Pc Scheme For Tribeniganjl Block / SC4436149,Deep Tubewell,SUPAUL,01/09/2015,,+ACI-Iron+AFs-0.28 Mg/l+AF0-,Fluoride+AFs-0.54 Mg/l+AF0-,pH+AFs-7.16 PH+AF0-,TDS+AFs-312.00 Mg/l+AF0-+ACI-,,Turbidity+AFs-2.00 NTU+AF0-
20,BIHAR,SUPAUL,TRIVENIGANJ,TRIBENIGANJ,PATHARAGOUR DHOE,PATHRAGORDHOI,MUSHARI,SC150002122,Deep Tubewell,SUPAUL,01/09/2015,,+ACI-Iron+AFs-0.23 Mg/l+AF0-,Fluoride+AFs-0.83 Mg/l+AF0-,pH+AFs-7.33 PH+AF0-,TDS+AFs-323.00 Mg/l+AF0-+ACI-,,Turbidity+AFs-2.00 NTU+AF0-
21,BIHAR,SUPAUL,TRIVENIGANJ,TRIBENIGANJ,PATHARAGOUR DHOE,PATHRAGORDHOI,MUSHARI,Inside Habitation / SC150085897,Deep Tubewell,SUPAUL,01/09/2015,,+ACI-Iron+AFs-0.24 Mg/l+AF0-,Fluoride+AFs-0.66 Mg/l+AF0-,pH+AFs-7.18 PH+AF0-,TDS+AFs-312.00 Mg/l+AF0-+ACI-,,Turbidity+AFs-1.00 NTU+AF0-
22,BIHAR,SUPAUL,TRIVENIGANJ,TRIBENIGANJ,PATHARAGOUR DHOE,PATHRAGORDHOI,MUSHARI,Inside Habitation / SC150090635,Deep Tubewell,SUPAUL,01/09/2015,,+ACI-Iron+AFs-0.29 Mg/l+AF0-,Fluoride+AFs-0.76 Mg/l+AF0-,pH+AFs-7.16 PH+AF0-,TDS+AFs-292.00 Mg/l+AF0-+ACI-,,Turbidity+AFs-1.00 NTU+AF0-
23,BIHAR,SUPAUL,TRIVENIGANJ,TRIBENIGANJ,PATHARAGOUR DHOE,PATHRAGORDHOI,MUSHARI,Nc/Pc Scheme For Tribeniganjl Block / SC4436150,Deep Tubewell,SUPAUL,01/09/2015,,+ACI-Iron+AFs-0.16 Mg/l+AF0-,Fluoride+AFs-0.58 Mg/l+AF0-,pH+AFs-7.12 PH+AF0-,TDS+AFs-288.00 Mg/l+AF0-+ACI-,,Turbidity+AFs-1.00 NTU+AF0-
24,BIHAR,SUPAUL,TRIVENIGANJ,TRIBENIGANJ,PATHARAGOUR DHOE,PATHRAGORDHOI,MUSHARI,Primary School Dumariya 20 / SC5015877,Deep Tubewell,SUPAUL,01/09/2015,,+ACI-Iron+AFs-0.26 Mg/l+AF0-,Fluoride+AFs-0.78 Mg/l+AF0-,pH+AFs-7.18 PH+AF0-,TDS+AFs-328.00 Mg/l+AF0-+ACI-,,Turbidity+AFs-1.00 NTU+AF0-
25,BIHAR,SUPAUL,TRIVENIGANJ,TRIBENIGANJ,PATHARAGOUR DHOE,PATHRAGORDHOI,PASWAN TOLA,SC150002121,Deep Tubewell,SUPAUL,01/09/2015,,+ACI-Iron+AFs-0.28 Mg/l+AF0-,Fluoride+AFs-0.76 Mg/l+AF0-,pH+AFs-7.18 PH+AF0-,TDS+AFs-326.00 Mg/l+AF0-+ACI-,,Turbidity+AFs-1.00 NTU+AF0-
26,BIHAR,SUPAUL,TRIVENIGANJ,TRIBENIGANJ,PATHARAGOUR DHOE,PATHRAGORDHOI,PASWAN TOLA,Inside Habitation / SC150085896,Deep Tubewell,SUPAUL,01/09/2015,,+ACI-Iron+AFs-0.24 Mg/l+AF0-,Fluoride+AFs-0.62 Mg/l+AF0-,pH+AFs-7.11 PH+AF0-,TDS+AFs-317.00 Mg/l+AF0-+ACI-,,Turbidity+AFs-1.00 NTU+AF0-
27,BIHAR,SUPAUL,TRIVENIGANJ,TRIBENIGANJ,PATHARAGOUR DHOE,PATHRAGORDHOI,PASWAN TOLA,Inside Habitation / SC150090634,Deep Tubewell,SUPAUL,01/09/2015,,+ACI-Iron+AFs-0.29 Mg/l+AF0-,Fluoride+AFs-0.81 Mg/l+AF0-,pH+AFs-7.28 PH+AF0-,TDS+AFs-328.00 Mg/l+AF0-+ACI-,,Turbidity+AFs-2.00 NTU+AF0-
28,BIHAR,SUPAUL,TRIVENIGANJ,TRIBENIGANJ,PATHARAGOUR DHOE,PATHRAGORDHOI,PASWAN TOLA,Nc/Pc Scheme For Tribeniganjl Block / SC4436151,Deep Tubewell,SUPAUL,01/09/2015,,+ACI-Iron+AFs-0.15 Mg/l+AF0-,Fluoride+AFs-0.75 Mg/l+AF0-,pH+AFs-7.25 PH+AF0-,TDS+AFs-392.00 Mg/l+AF0-+ACI-,,Turbidity+AFs-2.00 NTU+AF0-
29,BIHAR,SUPAUL,TRIVENIGANJ,TRIBENIGANJ,PATHARAGOUR DHOE,PATHRAGORDHOI,RAM TOLA,Inside Habitation / SC150085901,Deep Tubewell,SUPAUL,01/09/2015,,+ACI-Iron+AFs-0.28 Mg/l+AF0-,Fluoride+AFs-0.61 Mg/l+AF0-,pH+AFs-7.26 PH+AF0-,TDS+AFs-328.00 Mg/l+AF0-+ACI-,,Turbidity+AFs-1.00 NTU+AF0-
30,BIHAR,SUPAUL,TRIVENIGANJ,TRIBENIGANJ,PATHARAGOUR DHOE,PATHRAGORDHOI,RAM TOLA,Inside Habitation / SC150090638,Deep Tubewell,SUPAUL,01/09/2015,,+ACI-Iron+AFs-0.24 Mg/l+AF0-,Fluoride+AFs-0.71 Mg/l+AF0-,pH+AFs-7.18 PH+AF0-,TDS+AFs-312.00 Mg/l+AF0-+ACI-,,Turbidity+AFs-2.00 NTU+AF0-
31,BIHAR,SUPAUL,TRIVENIGANJ,TRIBENIGANJ,PATHARAGOUR DHOE,PATHRAGORDHOI,RAM TOLA,T/W 8 / SC150145512,Deep Tubewell,SUPAUL,01/09/2015,,+ACI-Iron+AFs-0.27 Mg/l+AF0-,Fluoride+AFs-0.84 Mg/l+AF0-,pH+AFs-7.24 PH+AF0-,TDS+AFs-382.00 Mg/l+AF0-+ACI-,,Turbidity+AFs-1.00 NTU+AF0-
32,BIHAR,SUPAUL,TRIVENIGANJ,TRIBENIGANJ,PATHARAGOUR DHOE,PATHRAGORDHOI,RAM TOLA,Nc/Pc Scheme For Tribeniganjl Block / SC4436152,Deep Tubewell,SUPAUL,01/09/2015,,+ACI-Iron+AFs-0.29 Mg/l+AF0-,Fluoride+AFs-0.74 Mg/l+AF0-,pH+AFs-7.22 PH+AF0-,TDS+AFs-318.00 Mg/l+AF0-+ACI-,,Turbidity+AFs-2.00 NTU+AF0-
33,BIHAR,SUPAUL,TRIVENIGANJ,TRIBENIGANJ,PATHARAGOUR DHOE,PATHRAGORDHOI,SARDAR TOLA,SC150002119,Deep Tubewell,SUPAUL,01/09/2015,,+ACI-Iron+AFs-0.22 Mg/l+AF0-,Fluoride+AFs-0.75 Mg/l+AF0-,pH+AFs-7.26 PH+AF0-,TDS+AFs-329.00 Mg/l+AF0-+ACI-,,Turbidity+AFs-2.00 NTU+AF0-
34,BIHAR,SUPAUL,TRIVENIGANJ,TRIBENIGANJ,PATHARAGOUR DHOE,PATHRAGORDHOI,SARDAR TOLA,Inside Habitation / SC150085894,Shallow Tubewell,SUPAUL,01/09/2015,,+ACI-Iron+AFs-0.17 Mg/l+AF0-,Fluoride+AFs-0.89 Mg/l+AF0-,pH+AFs-7.31 PH+AF0-,TDS+AFs-359.00 Mg/l+AF0-+ACI-,,Turbidity+AFs-1.00 NTU+AF0-
35,BIHAR,SUPAUL,TRIVENIGANJ,TRIBENIGANJ,PATHARAGOUR DHOE,PATHRAGORDHOI,SARDAR TOLA,Inside Habitation / SC150085895,Shallow Tubewell,SUPAUL,01/09/2015,,+ACI-Iron+AFs-0.17 Mg/l+AF0-,Fluoride+AFs-0.81 Mg/l+AF0-,pH+AFs-7.22 PH+AF0-,TDS+AFs-316.00 Mg/l+AF0-+ACI-,,Turbidity+AFs-2.00 NTU+AF0-
36,BIHAR,SUPAUL,TRIVENIGANJ,TRIBENIGANJ,PATHARAGOUR DHOE,PATHRAGORDHOI,SARDAR TOLA,Inside Habitation / SC150090633,Shallow Tubewell,SUPAUL,01/09/2015,,+ACI-Iron+AFs-0.18 Mg/l+AF0-,Fluoride+AFs-0.68 Mg/l+AF0-,pH+AFs-7.26 PH+AF0-,TDS+AFs-345.00 Mg/l+AF0-+ACI-,,Turbidity+AFs-2.00 NTU+AF0-
37,BIHAR,SUPAUL,TRIVENIGANJ,TRIBENIGANJ,PATHARAGOUR DHOE,PATHRAGORDHOI,SARDAR TOLA,SC1741663,Shallow Tubewell,SUPAUL,01/09/2015,,+ACI-Iron+AFs-0.29 Mg/l+AF0-,Fluoride+AFs-0.85 Mg/l+AF0-,pH+AFs-7.23 PH+AF0-,TDS+AFs-317.00 Mg/l+AF0-+ACI-,,Turbidity+AFs-2.00 NTU+AF0-
38,BIHAR,SUPAUL,TRIVENIGANJ,TRIBENIGANJ,PATHARAGOUR DHOE,PATHRAGORDHOI,SARDAR TOLA,SC3927670,Deep Tubewell,SUPAUL,01/09/2015,,+ACI-Iron+AFs-0.29 Mg/l+AF0-,Fluoride+AFs-0.75 Mg/l+AF0-,pH+AFs-7.15 PH+AF0-,TDS+AFs-326.00 Mg/l+AF0-+ACI-,,Turbidity+AFs-1.00 NTU+AF0-
39,BIHAR,SUPAUL,TRIVENIGANJ,TRIBENIGANJ,PATHARAGOUR DHOE,PATHRAGORDHOI,SARDAR TOLA,SC4621770,Deep Tubewell,SUPAUL,01/09/2015,,+ACI-Iron+AFs-0.18 Mg/l+AF0-,Fluoride+AFs-0.61 Mg/l+AF0-,pH+AFs-7.12 PH+AF0-,TDS+AFs-311.00 Mg/l+AF0-+ACI-,,Turbidity+AFs-1.00 NTU+AF0-
40,BIHAR,SUPAUL,TRIVENIGANJ,TRIBENIGANJ,PATHARAGOUR DHOE,PATHRAGORDHOI,SARDAR TOLA,SC49270,Shallow Tubewell,SUPAUL,01/09/2015,,+ACI-Iron+AFs-0.26 Mg/l+AF0-,Fluoride+AFs-0.75 Mg/l+AF0-,pH+AFs-7.18 PH+AF0-,TDS+AFs-322.00 Mg/l+AF0-+ACI-,,Turbidity+AFs-1.00 NTU+AF0-
41,BIHAR,SUPAUL,TRIVENIGANJ,TRIBENIGANJ,PILUWAHA,LACHHMINIA,LAXMINIYA,SC150002117,Deep Tubewell,SUPAUL,01/09/2015,,+ACI-Iron+AFs-0.28 Mg/l+AF0-,Fluoride+AFs-0.46 Mg/l+AF0-,pH+AFs-7.32 PH+AF0-,TDS+AFs-382.00 Mg/l+AF0-+ACI-,,Turbidity+AFs-2.00 NTU+AF0-
42,BIHAR,SUPAUL,TRIVENIGANJ,TRIBENIGANJ,PILUWAHA,LACHHMINIA,LAXMINIYA,Inside Habitation / SC150090851,Deep Tubewell,SUPAUL,01/09/2015,,+ACI-Iron+AFs-0.26 Mg/l+AF0-,Fluoride+AFs-0.74 Mg/l+AF0-,pH+AFs-7.25 PH+AF0-,TDS+AFs-318.00 Mg/l+AF0-+ACI-,,Turbidity+AFs-2.00 NTU+AF0-
43,BIHAR,SUPAUL,TRIVENIGANJ,TRIBENIGANJ,PILUWAHA,LACHHMINIA,LAXMINIYA,SC2492489,Deep Tubewell,SUPAUL,01/09/2015,,+ACI-Iron+AFs-0.17 Mg/l+AF0-,Fluoride+AFs-0.68 Mg/l+AF0-,pH+AFs-7.16 PH+AF0-,TDS+AFs-342.00 Mg/l+AF0-+ACI-,,Turbidity+AFs-1.00 NTU+AF0-
44,BIHAR,SUPAUL,TRIVENIGANJ,TRIBENIGANJ,PILUWAHA,LACHHMINIA,LAXMINIYA,SC3927668,Deep Tubewell,SUPAUL,01/09/2015,,+ACI-Iron+AFs-0.27 Mg/l+AF0-,Fluoride+AFs-0.86 Mg/l+AF0-,pH+AFs-7.20 PH+AF0-,TDS+AFs-352.00 Mg/l+AF0-+ACI-,,Turbidity+AFs-1.00 NTU+AF0-
45,BIHAR,SUPAUL,TRIVENIGANJ,TRIBENIGANJ,PILUWAHA,LACHHMINIA,LAXMINIYA,SC4621768,Deep Tubewell,SUPAUL,01/09/2015,,+ACI-Iron+AFs-0.28 Mg/l+AF0-,Fluoride+AFs-0.75 Mg/l+AF0-,pH+AFs-7.18 PH+AF0-,TDS+AFs-365.00 Mg/l+AF0-+ACI-,,Turbidity+AFs-2.00 NTU+AF0-
46,BIHAR,SUPAUL,TRIVENIGANJ,TRIBENIGANJ,PILUWAHA,LACHHMINIA,LAXMINIYA,Community House Lachhminia 198 / SC5015871,Deep Tubewell,SUPAUL,01/09/2015,,+ACI-Iron+AFs-0.27 Mg/l+AF0-,Fluoride+AFs-0.58 Mg/l+AF0-,pH+AFs-7.11 PH+AF0-,TDS+AFs-285.00 Mg/l+AF0-+ACI-,,Turbidity+AFs-1.00 NTU+AF0-
47,BIHAR,SUPAUL,TRIVENIGANJ,TRIBENIGANJ,PILUWAHA,LACHHMINIA,MAHTO TOLA,Inside Habitation / SC150090852,Deep Tubewell,SUPAUL,01/09/2015,,+ACI-Iron+AFs-0.25 Mg/l+AF0-,Fluoride+AFs-0.74 Mg/l+AF0-,pH+AFs-7.18 PH+AF0-,TDS+AFs-351.00 Mg/l+AF0-+ACI-,,Turbidity+AFs-1.00 NTU+AF0-
48,BIHAR,SUPAUL,TRIVENIGANJ,TRIBENIGANJ,PILUWAHA,LACHHMINIA,MAHTO TOLA,SC3927667,Deep Tubewell,SUPAUL,01/09/2015,,+ACI-Iron+AFs-0.28 Mg/l+AF0-,Fluoride+AFs-0.78 Mg/l+AF0-,pH+AFs-7.18 PH+AF0-,TDS+AFs-365.00 Mg/l+AF0-+ACI-,,Turbidity+AFs-1.00 NTU+AF0-
49,BIHAR,SUPAUL,TRIVENIGANJ,TRIBENIGANJ,PILUWAHA,LACHHMINIA,MAHTO TOLA,SC4621767,Deep Tubewell,SUPAUL,01/09/2015,,+ACI-Iron+AFs-0.28 Mg/l+AF0-,Fluoride+AFs-0.69 Mg/l+AF0-,pH+AFs-7.26 PH+AF0-,TDS+AFs-318.00 Mg/l+AF0-+ACI-,,Turbidity+AFs-2.00 NTU+AF0-
50,BIHAR,SUPAUL,TRIVENIGANJ,TRIBENIGANJ,PILUWAHA,LACHHMINIA,MUSHARI,SC150002116,Deep Tubewell,SUPAUL,01/09/2015,,+ACI-Iron+AFs-0.26 Mg/l+AF0-,Fluoride+AFs-0.61 Mg/l+AF0-,pH+AFs-7.23 PH+AF0-,TDS+AFs-318.00 Mg/l+AF0-+ACI-,,Turbidity+AFs-2.00 NTU+AF0-
51,BIHAR,SUPAUL,TRIVENIGANJ,TRIBENIGANJ,PILUWAHA,LACHHMINIA,MUSHARI,Inside Habitation / SC150086166,Shallow Tubewell,SUPAUL,01/09/2015,,+ACI-Iron+AFs-0.29 Mg/l+AF0-,Fluoride+AFs-0.68 Mg/l+AF0-,pH+AFs-7.15 PH+AF0-,TDS+AFs-352.00 Mg/l+AF0-+ACI-,,Turbidity+AFs-1.00 NTU+AF0-
52,BIHAR,SUPAUL,TRIVENIGANJ,TRIBENIGANJ,PILUWAHA,LACHHMINIA,MUSHARI,Inside Habitation / SC150090854,Shallow Tubewell,SUPAUL,01/09/2015,,+ACI-Iron+AFs-0.26 Mg/l+AF0-,Fluoride+AFs-0.57 Mg/l+AF0-,pH+AFs-7.28 PH+AF0-,TDS+AFs-318.00 Mg/l+AF0-+ACI-,,Turbidity+AFs-2.00 NTU+AF0-
53,BIHAR,SUPAUL,TRIVENIGANJ,TRIBENIGANJ,PILUWAHA,LACHHMINIA,MUSHARI,SC1741670,Shallow Tubewell,SUPAUL,01/09/2015,,+ACI-Iron+AFs-0.26 Mg/l+AF0-,Fluoride+AFs-0.69 Mg/l+AF0-,pH+AFs-7.18 PH+AF0-,TDS+AFs-327.00 Mg/l+AF0-+ACI-,,Turbidity+AFs-2.00 NTU+AF0-
54,BIHAR,SUPAUL,TRIVENIGANJ,TRIBENIGANJ,PILUWAHA,LACHHMINIA,MUSHARI,SC3927666,Deep Tubewell,SUPAUL,01/09/2015,,+ACI-Iron+AFs-0.16 Mg/l+AF0-,Fluoride+AFs-0.73 Mg/l+AF0-,pH+AFs-7.21 PH+AF0-,TDS+AFs-346.00 Mg/l+AF0-+ACI-,,Turbidity+AFs-1.00 NTU+AF0-
55,BIHAR,SUPAUL,TRIVENIGANJ,TRIBENIGANJ,PILUWAHA,LACHHMINIA,MUSHARI,SC4621766,Deep Tubewell,SUPAUL,01/09/2015,,+ACI-Iron+AFs-0.27 Mg/l+AF0-,Fluoride+AFs-0.63 Mg/l+AF0-,pH+AFs-7.08 PH+AF0-,TDS+AFs-317.00 Mg/l+AF0-+ACI-,,Turbidity+AFs-1.00 NTU+AF0-
56,BIHAR,SUPAUL,TRIVENIGANJ,TRIBENIGANJ,PILUWAHA,LACHHMINIA,SARDAR TOLA,SC150002115,Deep Tubewell,SUPAUL,01/09/2015,,+ACI-Iron+AFs-0.28 Mg/l+AF0-,Fluoride+AFs-0.78 Mg/l+AF0-,pH+AFs-7.28 PH+AF0-,TDS+AFs-368.00 Mg/l+AF0-+ACI-,,Turbidity+AFs-1.00 NTU+AF0-
57,BIHAR,SUPAUL,TRIVENIGANJ,TRIBENIGANJ,PILUWAHA,LACHHMINIA,SARDAR TOLA,Inside Habitation / SC150086165,Shallow Tubewell,SUPAUL,01/09/2015,,+ACI-Iron+AFs-0.26 Mg/l+AF0-,Fluoride+AFs-0.65 Mg/l+AF0-,pH+AFs-7.12 PH+AF0-,TDS+AFs-341.00 Mg/l+AF0-+ACI-,,Turbidity+AFs-1.00 NTU+AF0-
58,BIHAR,SUPAUL,TRIVENIGANJ,TRIBENIGANJ,PILUWAHA,LACHHMINIA,SARDAR TOLA,Inside Habitation / SC150090853,Shallow Tubewell,SUPAUL,01/09/2015,,+ACI-Iron+AFs-0.26 Mg/l+AF0-,Fluoride+AFs-0.75 Mg/l+AF0-,pH+AFs-7.24 PH+AF0-,TDS+AFs-362.00 Mg/l+AF0-+ACI-,,Turbidity+AFs-1.00 NTU+AF0-
59,BIHAR,SUPAUL,TRIVENIGANJ,TRIBENIGANJ,PILUWAHA,LACHHMINIA,SARDAR TOLA,SC1741678,Shallow Tubewell,SUPAUL,01/09/2015,,+ACI-Iron+AFs-0.26 Mg/l+AF0-,Fluoride+AFs-0.61 Mg/l+AF0-,pH+AFs-7.18 PH+AF0-,TDS+AFs-318.00 Mg/l+AF0-+ACI-,,Turbidity+AFs-1.00 NTU+AF0-
60,BIHAR,SUPAUL,TRIVENIGANJ,TRIBENIGANJ,PILUWAHA,LACHHMINIA,SARDAR TOLA,SC3927665,Deep Tubewell,SUPAUL,01/09/2015,,+ACI-Iron+AFs-0.26 Mg/l+AF0-,Fluoride+AFs-0.85 Mg/l+AF0-,pH+AFs-7.21 PH+AF0-,TDS+AFs-345.00 Mg/l+AF0-+ACI-,,Turbidity+AFs-2.00 NTU+AF0-
61,BIHAR,SUPAUL,TRIVENIGANJ,TRIBENIGANJ,PILUWAHA,LACHHMINIA,SARDAR TOLA,SC4621765,Deep Tubewell,SUPAUL,01/09/2015,,+ACI-Iron+AFs-0.18 Mg/l+AF0-,Fluoride+AFs-0.68 Mg/l+AF0-,pH+AFs-7.14 PH+AF0-,TDS+AFs-359.00 Mg/l+AF0-+ACI-,,Turbidity+AFs-1.00 NTU+AF0-
62,BIHAR,SUPAUL,TRIVENIGANJ,TRIBENIGANJ,PILUWAHA,LACHHMINIA,YADAV TOLA,SC150002114,Deep Tubewell,SUPAUL,01/09/2015,,+ACI-Iron+AFs-0.16 Mg/l+AF0-,Fluoride+AFs-0.78 Mg/l+AF0-,pH+AFs-7.11 PH+AF0-,TDS+AFs-329.00 Mg/l+AF0-+ACI-,,Turbidity+AFs-1.00 NTU+AF0-
63,BIHAR,SUPAUL,TRIVENIGANJ,TRIBENIGANJ,PILUWAHA,LACHHMINIA,YADAV TOLA,Inside Habitation / SC150090855,Deep Tubewell,SUPAUL,01/09/2015,,+ACI-Iron+AFs-0.26 Mg/l+AF0-,Fluoride+AFs-0.75 Mg/l+AF0-,pH+AFs-7.14 PH+AF0-,TDS+AFs-352.00 Mg/l+AF0-+ACI-,,Turbidity+AFs-1.00 NTU+AF0-
64,BIHAR,SUPAUL,TRIVENIGANJ,TRIBENIGANJ,PILUWAHA,LACHHMINIA,YADAV TOLA,SC3927664,Deep Tubewell,SUPAUL,01/09/2015,,+ACI-Iron+AFs-0.26 Mg/l+AF0-,Fluoride+AFs-0.71 Mg/l+AF0-,pH+AFs-7.14 PH+AF0-,TDS+AFs-352.00 Mg/l+AF0-+ACI-,,Turbidity+AFs-1.00 NTU+AF0-
65,BIHAR,SUPAUL,TRIVENIGANJ,TRIBENIGANJ,PILUWAHA,LACHHMINIA,YADAV TOLA,SC4621764,Deep Tubewell,SUPAUL,01/09/2015,,+ACI-Iron+AFs-0.27 Mg/l+AF0-,Fluoride+AFs-0.68 Mg/l+AF0-,pH+AFs-7.25 PH+AF0-,TDS+AFs-312.00 Mg/l+AF0-+ACI-,,Turbidity+AFs-1.00 NTU+AF0-
66,BIHAR,SUPAUL,TRIVENIGANJ,TRIBENIGANJ,SIMARIA,ATLAKHA BELAHI,ATALKHA BELHI,SC150002108,Deep Tubewell,SUPAUL,01/09/2015,,+ACI-Iron+AFs-0.25 Mg/l+AF0-,Fluoride+AFs-0.59 Mg/l+AF0-,pH+AFs-7.25 PH+AF0-,TDS+AFs-386.00 Mg/l+AF0-+ACI-,,Turbidity+AFs-1.00 NTU+AF0-
67,BIHAR,SUPAUL,TRIVENIGANJ,TRIBENIGANJ,SIMARIA,ATLAKHA BELAHI,ATALKHA BELHI,Inside Habitation / SC150090596,Deep Tubewell,SUPAUL,01/09/2015,,+ACI-Iron+AFs-0.19 Mg/l+AF0-,Fluoride+AFs-0.64 Mg/l+AF0-,pH+AFs-7.18 PH+AF0-,TDS+AFs-342.00 Mg/l+AF0-+ACI-,,Turbidity+AFs-1.00 NTU+AF0-
68,BIHAR,SUPAUL,TRIVENIGANJ,TRIBENIGANJ,SIMARIA,ATLAKHA BELAHI,ATALKHA BELHI,SC3927748,Deep Tubewell,SUPAUL,01/09/2015,,+ACI-Iron+AFs-0.24 Mg/l+AF0-,Fluoride+AFs-0.61 Mg/l+AF0-,pH+AFs-7.27 PH+AF0-,TDS+AFs-318.00 Mg/l+AF0-+ACI-,,Turbidity+AFs-2.00 NTU+AF0-
69,BIHAR,SUPAUL,TRIVENIGANJ,TRIBENIGANJ,SIMARIA,ATLAKHA BELAHI,ATALKHA BELHI,SC4621844,Deep Tubewell,SUPAUL,01/09/2015,,+ACI-Iron+AFs-0.19 Mg/l+AF0-,Fluoride+AFs-0.69 Mg/l+AF0-,pH+AFs-7.19 PH+AF0-,TDS+AFs-329.00 Mg/l+AF0-+ACI-,,Turbidity+AFs-2.00 NTU+AF0-
70,BIHAR,SUPAUL,TRIVENIGANJ,TRIBENIGANJ,SIMARIA,ATLAKHA BELAHI,BRAHMAN TOLA,Inside Habitation / SC150085858,Shallow Tubewell,SUPAUL,01/09/2015,,+ACI-Iron+AFs-0.29 Mg/l+AF0-,Fluoride+AFs-0.68 Mg/l+AF0-,pH+AFs-7.29 PH+AF0-,TDS+AFs-346.00 Mg/l+AF0-+ACI-,,Turbidity+AFs-2.00 NTU+AF0-
71,BIHAR,SUPAUL,TRIVENIGANJ,TRIBENIGANJ,SIMARIA,ATLAKHA BELAHI,BRAHMAN TOLA,Inside Habitation / SC150090598,Shallow Tubewell,SUPAUL,01/09/2015,,+ACI-Iron+AFs-0.25 Mg/l+AF0-,Fluoride+AFs-0.65 Mg/l+AF0-,pH+AFs-7.28 PH+AF0-,TDS+AFs-342.00 Mg/l+AF0-+ACI-,,Turbidity+AFs-1.00 NTU+AF0-
72,BIHAR,SUPAUL,TRIVENIGANJ,TRIBENIGANJ,SIMARIA,ATLAKHA BELAHI,CHAMAR TOLA,SC150002107,Deep Tubewell,SUPAUL,01/09/2015,,+ACI-Iron+AFs-0.28 Mg/l+AF0-,Fluoride+AFs-0.66 Mg/l+AF0-,pH+AFs-7.21 PH+AF0-,TDS+AFs-315.00 Mg/l+AF0-+ACI-,,Turbidity+AFs-1.00 NTU+AF0-
73,BIHAR,SUPAUL,TRIVENIGANJ,TRIBENIGANJ,SIMARIA,ATLAKHA BELAHI,CHAMAR TOLA,Inside Habitation / SC150085859,Deep Tubewell,SUPAUL,01/09/2015,,+ACI-Iron+AFs-0.19 Mg/l+AF0-,Fluoride+AFs-0.68 Mg/l+AF0-,pH+AFs-7.19 PH+AF0-,TDS+AFs-345.00 Mg/l+AF0-+ACI-,,Turbidity+AFs-1.00 NTU+AF0-
74,BIHAR,SUPAUL,TRIVENIGANJ,TRIBENIGANJ,SIMARIA,ATLAKHA BELAHI,CHAMAR TOLA,Inside Habitation / SC150090599,Deep Tubewell,SUPAUL,01/09/2015,,+ACI-Iron+AFs-0.29 Mg/l+AF0-,Fluoride+AFs-0.85 Mg/l+AF0-,pH+AFs-7.28 PH+AF0-,TDS+AFs-362.00 Mg/l+AF0-+ACI-,,Turbidity+AFs-1.00 NTU+AF0-
75,BIHAR,SUPAUL,TRIVENIGANJ,TRIBENIGANJ,SIMARIA,ATLAKHA BELAHI,CHAMAR TOLA,Nc/Pc Scheme For Tribeniganjl Block / SC4436158,Deep Tubewell,SUPAUL,01/09/2015,,+ACI-Iron+AFs-0.15 Mg/l+AF0-,Fluoride+AFs-0.78 Mg/l+AF0-,pH+AFs-7.21 PH+AF0-,TDS+AFs-362.00 Mg/l+AF0-+ACI-,,Turbidity+AFs-1.00 NTU+AF0-
76,BIHAR,SUPAUL,TRIVENIGANJ,TRIBENIGANJ,SIMARIA,ATLAKHA BELAHI,MANDAL TOLA,SC150002106,Deep Tubewell,SUPAUL,01/09/2015,,+ACI-Iron+AFs-0.27 Mg/l+AF0-,Fluoride+AFs-0.69 Mg/l+AF0-,pH+AFs-7.32 PH+AF0-,TDS+AFs-351.00 Mg/l+AF0-+ACI-,,Turbidity+AFs-1.00 NTU+AF0-
77,BIHAR,SUPAUL,TRIVENIGANJ,TRIBENIGANJ,SIMARIA,ATLAKHA BELAHI,MANDAL TOLA,Inside Habitation / SC150085857,Shallow Tubewell,SUPAUL,01/09/2015,,+ACI-Iron+AFs-0.28 Mg/l+AF0-,Fluoride+AFs-0.85 Mg/l+AF0-,pH+AFs-7.28 PH+AF0-,TDS+AFs-368.00 Mg/l+AF0-+ACI-,,Turbidity+AFs-2.00 NTU+AF0-
78,BIHAR,SUPAUL,TRIVENIGANJ,TRIBENIGANJ,SIMARIA,ATLAKHA BELAHI,MANDAL TOLA,Inside Habitation / SC150090597,Shallow Tubewell,SUPAUL,01/09/2015,,+ACI-Iron+AFs-0.28 Mg/l+AF0-,Fluoride+AFs-0.73 Mg/l+AF0-,pH+AFs-7.22 PH+AF0-,TDS+AFs-365.00 Mg/l+AF0-+ACI-,,Turbidity+AFs-2.00 NTU+AF0-
79,BIHAR,SUPAUL,TRIVENIGANJ,TRIBENIGANJ,SIMARIA,ATLAKHA BELAHI,MANDAL TOLA,SC1741904,Shallow Tubewell,SUPAUL,01/09/2015,,+ACI-Iron+AFs-0.15 Mg/l+AF0-,Fluoride+AFs-0.68 Mg/l+AF0-,pH+AFs-7.26 PH+AF0-,TDS+AFs-345.00 Mg/l+AF0-+ACI-,,Turbidity+AFs-2.00 NTU+AF0-
80,BIHAR,SUPAUL,TRIVENIGANJ,TRIBENIGANJ,SIMARIA,ATLAKHA BELAHI,MANDAL TOLA,SC3927747,Deep Tubewell,SUPAUL,01/09/2015,,+ACI-Iron+AFs-0.16 Mg/l+AF0-,Fluoride+AFs-0.73 Mg/l+AF0-,pH+AFs-7.18 PH+AF0-,TDS+AFs-329.00 Mg/l+AF0-+ACI-,,Turbidity+AFs-1.00 NTU+AF0-
81,BIHAR,SUPAUL,TRIVENIGANJ,TRIBENIGANJ,SIMARIA,ATLAKHA BELAHI,MANDAL TOLA,SC4621843,Deep Tubewell,SUPAUL,01/09/2015,,+ACI-Iron+AFs-0.17 Mg/l+AF0-,Fluoride+AFs-0.73 Mg/l+AF0-,pH+AFs-7.27 PH+AF0-,TDS+AFs-312.00 Mg/l+AF0-+ACI-,,Turbidity+AFs-1.00 NTU+AF0-
82,BIHAR,SUPAUL,TRIVENIGANJ,TRIBENIGANJ,SIMARIA,ATLAKHA BELAHI,MUSHARI,SC150002105,Deep Tubewell,SUPAUL,01/09/2015,,+ACI-Iron+AFs-0.18 Mg/l+AF0-,Fluoride+AFs-0.68 Mg/l+AF0-,pH+AFs-7.29 PH+AF0-,TDS+AFs-382.00 Mg/l+AF0-+ACI-,,Turbidity+AFs-1.00 NTU+AF0-
83,BIHAR,SUPAUL,TRIVENIGANJ,TRIBENIGANJ,SIMARIA,ATLAKHA BELAHI,MUSHARI,Inside Habitation / SC150085860,Deep Tubewell,SUPAUL,01/09/2015,,+ACI-Iron+AFs-0.23 Mg/l+AF0-,Fluoride+AFs-0.75 Mg/l+AF0-,pH+AFs-7.31 PH+AF0-,TDS+AFs-362.00 Mg/l+AF0-+ACI-,,Turbidity+AFs-2.00 NTU+AF0-
84,BIHAR,SUPAUL,TRIVENIGANJ,TRIBENIGANJ,SIMARIA,ATLAKHA BELAHI,MUSHARI,Inside Habitation / SC150090600,Deep Tubewell,SUPAUL,01/09/2015,,+ACI-Iron+AFs-0.29 Mg/l+AF0-,Fluoride+AFs-0.68 Mg/l+AF0-,pH+AFs-7.28 PH+AF0-,TDS+AFs-346.00 Mg/l+AF0-+ACI-,,Turbidity+AFs-2.00 NTU+AF0-
85,BIHAR,SUPAUL,TRIVENIGANJ,TRIBENIGANJ,SIMARIA,ATLAKHA BELAHI,MUSHARI,Nc/Pc Scheme For Tribeniganjl Block / SC4436159,Deep Tubewell,SUPAUL,01/09/2015,,+ACI-Iron+AFs-0.25 Mg/l+AF0-,Fluoride+AFs-0.65 Mg/l+AF0-,pH+AFs-6.99 PH+AF0-,TDS+AFs-323.00 Mg/l+AF0-+ACI-,,Turbidity+AFs-1.00 NTU+AF0-
86,BIHAR,SUPAUL,TRIVENIGANJ,TRIBENIGANJ,SIMARIA,MAUN,CHAMAR TOLA,SC150002104,Deep Tubewell,SUPAUL,01/09/2015,,+ACI-Iron+AFs-0.24 Mg/l+AF0-,Fluoride+AFs-0.75 Mg/l+AF0-,pH+AFs-7.14 PH+AF0-,TDS+AFs-362.00 Mg/l+AF0-+ACI-,,Turbidity+AFs-1.00 NTU+AF0-
87,BIHAR,SUPAUL,TRIVENIGANJ,TRIBENIGANJ,SIMARIA,MAUN,CHAMAR TOLA,Inside Habitation / SC150085863,Deep Tubewell,SUPAUL,01/09/2015,,+ACI-Iron+AFs-0.18 Mg/l+AF0-,Fluoride+AFs-0.85 Mg/l+AF0-,pH+AFs-7.23 PH+AF0-,TDS+AFs-341.00 Mg/l+AF0-+ACI-,,Turbidity+AFs-2.00 NTU+AF0-
88,BIHAR,SUPAUL,TRIVENIGANJ,TRIBENIGANJ,SIMARIA,MAUN,CHAMAR TOLA,Inside Habitation / SC150090603,Deep Tubewell,SUPAUL,01/09/2015,,+ACI-Iron+AFs-0.29 Mg/l+AF0-,Fluoride+AFs-0.65 Mg/l+AF0-,pH+AFs-7.08 PH+AF0-,TDS+AFs-326.00 Mg/l+AF0-+ACI-,,Turbidity+AFs-1.00 NTU+AF0-
89,BIHAR,SUPAUL,TRIVENIGANJ,TRIBENIGANJ,SIMARIA,MAUN,CHAMAR TOLA,Nc/Pc Scheme For Tribeniganjl Block / SC4436160,Deep Tubewell,SUPAUL,01/09/2015,,+ACI-Iron+AFs-0.12 Mg/l+AF0-,Fluoride+AFs-0.72 Mg/l+AF0-,pH+AFs-7.11 PH+AF0-,TDS+AFs-352.00 Mg/l+AF0-+ACI-,,Turbidity+AFs-1.00 NTU+AF0-
90,BIHAR,SUPAUL,TRIVENIGANJ,TRIBENIGANJ,SIMARIA,MAUN,MANDAL TOLA,Inside Habitation / SC150085862,Deep Tubewell,SUPAUL,01/09/2015,,+ACI-Iron+AFs-0.17 Mg/l+AF0-,Fluoride+AFs-0.68 Mg/l+AF0-,pH+AFs-7.13 PH+AF0-,TDS+AFs-341.00 Mg/l+AF0-+ACI-,,Turbidity+AFs-1.00 NTU+AF0-
91,BIHAR,SUPAUL,TRIVENIGANJ,TRIBENIGANJ,SIMARIA,MAUN,MANDAL TOLA,Inside Habitation / SC150090602,Deep Tubewell,SUPAUL,01/09/2015,,+ACI-Iron+AFs-0.18 Mg/l+AF0-,Fluoride+AFs-0.75 Mg/l+AF0-,pH+AFs-7.29 PH+AF0-,TDS+AFs-315.00 Mg/l+AF0-+ACI-,,Turbidity+AFs-2.00 NTU+AF0-
92,BIHAR,SUPAUL,TRIVENIGANJ,TRIBENIGANJ,SIMARIA,MAUN,MANDAL TOLA,T/W 1 / SC150145520,Deep Tubewell,SUPAUL,01/09/2015,,+ACI-Iron+AFs-0.26 Mg/l+AF0-,Fluoride+AFs-0.75 Mg/l+AF0-,pH+AFs-7.23 PH+AF0-,TDS+AFs-318.00 Mg/l+AF0-+ACI-,,Turbidity+AFs-1.00 NTU+AF0-
93,BIHAR,SUPAUL,TRIVENIGANJ,TRIBENIGANJ,SIMARIA,MAUN,MANDAL TOLA,Nc/Pc Scheme For Tribeniganjl Block / SC4436161,Deep Tubewell,SUPAUL,01/09/2015,,+ACI-Iron+AFs-0.16 Mg/l+AF0-,Fluoride+AFs-0.52 Mg/l+AF0-,pH+AFs-7.14 PH+AF0-,TDS+AFs-295.00 Mg/l+AF0-+ACI-,,Turbidity+AFs-2.00 NTU+AF0-
94,BIHAR,SUPAUL,TRIVENIGANJ,TRIBENIGANJ,SIMARIA,MAUN,MAUN,Inside Habitation / SC150085861,Shallow Tubewell,SUPAUL,01/09/2015,,+ACI-Iron+AFs-0.23 Mg/l+AF0-,Fluoride+AFs-0.63 Mg/l+AF0-,pH+AFs-7.24 PH+AF0-,TDS+AFs-349.00 Mg/l+AF0-+ACI-,,Turbidity+AFs-2.00 NTU+AF0-
95,BIHAR,SUPAUL,TRIVENIGANJ,TRIBENIGANJ,SIMARIA,MAUN,MAUN,Inside Habitation / SC150090601,Shallow Tubewell,SUPAUL,01/09/2015,,+ACI-Iron+AFs-0.14 Mg/l+AF0-,Fluoride+AFs-0.76 Mg/l+AF0-,pH+AFs-7.24 PH+AF0-,TDS+AFs-345.00 Mg/l+AF0-+ACI-,,Turbidity+AFs-1.00 NTU+AF0-
96,BIHAR,SUPAUL,TRIVENIGANJ,TRIBENIGANJ,SIMARIA,MAUN,MAUN,SC1741905,Shallow Tubewell,SUPAUL,01/09/2015,,+ACI-Iron+AFs-0.17 Mg/l+AF0-,Fluoride+AFs-0.56 Mg/l+AF0-,pH+AFs-7.29 PH+AF0-,TDS+AFs-314.00 Mg/l+AF0-+ACI-,,Turbidity+AFs-1.00 NTU+AF0-
97,BIHAR,SUPAUL,TRIVENIGANJ,TRIBENIGANJ,SIMARIA,MAUN,MIYAN TOLA,Inside Habitation / SC150085864,Deep Tubewell,SUPAUL,01/09/2015,,+ACI-Iron+AFs-0.18 Mg/l+AF0-,Fluoride+AFs-0.72 Mg/l+AF0-,pH+AFs-7.22 PH+AF0-,TDS+AFs-317.00 Mg/l+AF0-+ACI-,,Turbidity+AFs-1.00 NTU+AF0-
98,BIHAR,SUPAUL,TRIVENIGANJ,TRIBENIGANJ,SIMARIA,MAUN,MIYAN TOLA,Inside Habitation / SC150090604,Deep Tubewell,SUPAUL,01/09/2015,,+ACI-Iron+AFs-0.16 Mg/l+AF0-,Fluoride+AFs-0.53 Mg/l+AF0-,pH+AFs-7.21 PH+AF0-,TDS+AFs-341.00 Mg/l+AF0-+ACI-,,Turbidity+AFs-1.00 NTU+AF0-
99,BIHAR,SUPAUL,TRIVENIGANJ,TRIBENIGANJ,SIMARIA,MAUN,MIYAN TOLA,T/W 1 / SC150145521,Deep Tubewell,SUPAUL,01/09/2015,,+ACI-Iron+AFs-0.28 Mg/l+AF0-,Fluoride+AFs-0.72 Mg/l+AF0-,pH+AFs-7.29 PH+AF0-,TDS+AFs-296.00 Mg/l+AF0-+ACI-,,Turbidity+AFs-2.00 NTU+AF0-
100,BIHAR,SUPAUL,TRIVENIGANJ,TRIBENIGANJ,SIMARIA,MAUN,MIYAN TOLA,Nc/Pc Scheme For Tribeniganjl Block / SC4436162,Deep Tubewell,SUPAUL,01/09/2015,,+ACI-Iron+AFs-0.27 Mg/l+AF0-,Fluoride+AFs-0.68 Mg/l+AF0-,pH+AFs-7.22 PH+AF0-,TDS+AFs-345.00 Mg/l+AF0-+ACI-,,Turbidity+AFs-1.00 NTU+AF0-
101,BIHAR,SUPAUL,TRIVENIGANJ,TRIBENIGANJ,SIMARIA,SEMARIA,HARIJAN TOLA,Inside Habitation / SC150085856,Deep Tubewell,SUPAUL,01/09/2015,,+ACI-Iron+AFs-0.19 Mg/l+AF0-,Fluoride+AFs-0.69 Mg/l+AF0-,pH+AFs-7.08 PH+AF0-,TDS+AFs-328.00 Mg/l+AF0-+ACI-,,Turbidity+AFs-1.00 NTU+AF0-
102,BIHAR,SUPAUL,TRIVENIGANJ,TRIBENIGANJ,SIMARIA,SEMARIA,HARIJAN TOLA,Inside Habitation / SC150090594,Deep Tubewell,SUPAUL,01/09/2015,,+ACI-Iron+AFs-0.19 Mg/l+AF0-,Fluoride+AFs-0.75 Mg/l+AF0-,pH+AFs-7.22 PH+AF0-,TDS+AFs-352.00 Mg/l+AF0-+ACI-,,Turbidity+AFs-2.00 NTU+AF0-
103,BIHAR,SUPAUL,TRIVENIGANJ,TRIBENIGANJ,SIMARIA,SEMARIA,HARIJAN TOLA,T/W 1 / SC150145522,Deep Tubewell,SUPAUL,01/09/2015,,+ACI-Iron+AFs-0.26 Mg/l+AF0-,Fluoride+AFs-0.57 Mg/l+AF0-,pH+AFs-7.12 PH+AF0-,TDS+AFs-312.00 Mg/l+AF0-+ACI-,,Turbidity+AFs-1.00 NTU+AF0-
104,BIHAR,SUPAUL,TRIVENIGANJ,TRIBENIGANJ,SIMARIA,SEMARIA,HARIJAN TOLA,Nc/Pc Scheme For Tribeniganjl Block / SC4436163,Deep Tubewell,SUPAUL,01/09/2015,,+ACI-Iron+AFs-0.28 Mg/l+AF0-,Fluoride+AFs-0.68 Mg/l+AF0-,pH+AFs-7.21 PH+AF0-,TDS+AFs-345.00 Mg/l+AF0-+ACI-,,Turbidity+AFs-1.00 NTU+AF0-
105,BIHAR,SUPAUL,TRIVENIGANJ,TRIBENIGANJ,SIMARIA,SEMARIA,KAMAT TOLA,H5248590,Delivery Point,SUPAUL,01/09/2015,,+ACI-Iron+AFs-0.29 Mg/l+AF0-,Fluoride+AFs-0.67 Mg/l+AF0-,pH+AFs-7.12 PH+AF0-,TDS+AFs-341.00 Mg/l+AF0-+ACI-,,Turbidity+AFs-1.00 NTU+AF0-
106,BIHAR,SUPAUL,TRIVENIGANJ,TRIBENIGANJ,SIMARIA,SEMARIA,KAMAT TOLA,Inside Habitation / SC150090588,Deep Tubewell,SUPAUL,01/09/2015,,+ACI-Iron+AFs-0.26 Mg/l+AF0-,Fluoride+AFs-0.58 Mg/l+AF0-,pH+AFs-7.14 PH+AF0-,TDS+AFs-307.00 Mg/l+AF0-+ACI-,,Turbidity+AFs-1.00 NTU+AF0-
107,BIHAR,SUPAUL,TRIVENIGANJ,TRIBENIGANJ,SIMARIA,SEMARIA,KAMAT TOLA,SC3927746,Deep Tubewell,SUPAUL,01/09/2015,,+ACI-Iron+AFs-0.27 Mg/l+AF0-,Fluoride+AFs-0.68 Mg/l+AF0-,pH+AFs-7.23 PH+AF0-,TDS+AFs-341.00 Mg/l+AF0-+ACI-,,Turbidity+AFs-1.00 NTU+AF0-
108,BIHAR,SUPAUL,TRIVENIGANJ,TRIBENIGANJ,SIMARIA,SEMARIA,KAMAT TOLA,SC4613238,Deep Tubewell,SUPAUL,01/09/2015,,+ACI-Iron+AFs-0.28 Mg/l+AF0-,Fluoride+AFs-0.66 Mg/l+AF0-,pH+AFs-7.08 PH+AF0-,TDS+AFs-320.00 Mg/l+AF0-+ACI-,,Turbidity+AFs-1.00 NTU+AF0-
109,BIHAR,SUPAUL,TRIVENIGANJ,TRIBENIGANJ,SIMARIA,SEMARIA,MUSALMAN TOLA,Inside Habitation / SC150085852,Deep Tubewell,SUPAUL,01/09/2015,,+ACI-Iron+AFs-0.28 Mg/l+AF0-,Fluoride+AFs-0.68 Mg/l+AF0-,pH+AFs-7.29 PH+AF0-,TDS+AFs-327.00 Mg/l+AF0-+ACI-,,Turbidity+AFs-1.00 NTU+AF0-
110,BIHAR,SUPAUL,TRIVENIGANJ,TRIBENIGANJ,SIMARIA,SEMARIA,MUSALMAN TOLA,Inside Habitation / SC150090589,Deep Tubewell,SUPAUL,01/09/2015,,+ACI-Iron+AFs-0.18 Mg/l+AF0-,Fluoride+AFs-0.68 Mg/l+AF0-,pH+AFs-7.12 PH+AF0-,TDS+AFs-327.00 Mg/l+AF0-+ACI-,,Turbidity+AFs-1.00 NTU+AF0-
111,BIHAR,SUPAUL,TRIVENIGANJ,TRIBENIGANJ,SIMARIA,SEMARIA,MUSALMAN TOLA,T/W 1 / SC150145523,Deep Tubewell,SUPAUL,01/09/2015,,+ACI-Iron+AFs-0.28 Mg/l+AF0-,Fluoride+AFs-0.69 Mg/l+AF0-,pH+AFs-7.18 PH+AF0-,TDS+AFs-345.00 Mg/l+AF0-+ACI-,,Turbidity+AFs-1.00 NTU+AF0-
112,BIHAR,SUPAUL,TRIVENIGANJ,TRIBENIGANJ,SIMARIA,SEMARIA,MUSALMAN TOLA,Nc/Pc Scheme For Tribeniganjl Block / SC4436164,Deep Tubewell,SUPAUL,01/09/2015,,+ACI-Iron+AFs-0.24 Mg/l+AF0-,Fluoride+AFs-0.68 Mg/l+AF0-,pH+AFs-7.28 PH+AF0-,TDS+AFs-341.00 Mg/l+AF0-+ACI-,,Turbidity+AFs-1.00 NTU+AF0-
113,BIHAR,SUPAUL,TRIVENIGANJ,TRIBENIGANJ,SIMARIA,SEMARIA,MUSHARI,Inside Habitation / SC150085855,Shallow Tubewell,SUPAUL,01/09/2015,,+ACI-Iron+AFs-0.17 Mg/l+AF0-,Fluoride+AFs-0.58 Mg/l+AF0-,pH+AFs-7.18 PH+AF0-,TDS+AFs-326.00 Mg/l+AF0-+ACI-,,Turbidity+AFs-1.00 NTU+AF0-
114,BIHAR,SUPAUL,TRIVENIGANJ,TRIBENIGANJ,SIMARIA,SEMARIA,MUSHARI,Inside Habitation / SC150090592,Shallow Tubewell,SUPAUL,01/09/2015,,+ACI-Iron+AFs-0.17 Mg/l+AF0-,Fluoride+AFs-0.56 Mg/l+AF0-,pH+AFs-7.26 PH+AF0-,TDS+AFs-342.00 Mg/l+AF0-+ACI-,,Turbidity+AFs-1.00 NTU+AF0-
115,BIHAR,SUPAUL,TRIVENIGANJ,TRIBENIGANJ,SIMARIA,SEMARIA,MUSHARI,SC1741907,Shallow Tubewell,SUPAUL,01/09/2015,,+ACI-Iron+AFs-0.25 Mg/l+AF0-,Fluoride+AFs-0.78 Mg/l+AF0-,pH+AFs-7.21 PH+AF0-,TDS+AFs-362.00 Mg/l+AF0-+ACI-,,Turbidity+AFs-1.00 NTU+AF0-
116,BIHAR,SUPAUL,TRIVENIGANJ,TRIBENIGANJ,SIMARIA,SEMARIA,PASWAN TOLA,SC150002103,Deep Tubewell,SUPAUL,01/09/2015,,+ACI-Iron+AFs-0.16 Mg/l+AF0-,Fluoride+AFs-0.68 Mg/l+AF0-,pH+AFs-7.25 PH+AF0-,TDS+AFs-345.00 Mg/l+AF0-+ACI-,,Turbidity+AFs-1.00 NTU+AF0-
117,BIHAR,SUPAUL,TRIVENIGANJ,TRIBENIGANJ,SIMARIA,SEMARIA,PASWAN TOLA,Inside Habitation / SC150090593,Deep Tubewell,SUPAUL,01/09/2015,,+ACI-Iron+AFs-0.25 Mg/l+AF0-,Fluoride+AFs-0.64 Mg/l+AF0-,pH+AFs-7.18 PH+AF0-,TDS+AFs-319.00 Mg/l+AF0-+ACI-,,Turbidity+AFs-1.00 NTU+AF0-
118,BIHAR,SUPAUL,TRIVENIGANJ,TRIBENIGANJ,SIMARIA,SEMARIA,PASWAN TOLA,SC3927745,Deep Tubewell,SUPAUL,01/09/2015,,+ACI-Iron+AFs-0.24 Mg/l+AF0-,Fluoride+AFs-0.59 Mg/l+AF0-,pH+AFs-7.22 PH+AF0-,TDS+AFs-286.00 Mg/l+AF0-+ACI-,,Turbidity+AFs-2.00 NTU+AF0-
119,BIHAR,SUPAUL,TRIVENIGANJ,TRIBENIGANJ,SIMARIA,SEMARIA,PASWAN TOLA,SC4621842,Deep Tubewell,SUPAUL,01/09/2015,,+ACI-Iron+AFs-0.28 Mg/l+AF0-,Fluoride+AFs-0.69 Mg/l+AF0-,pH+AFs-7.26 PH+AF0-,TDS+AFs-319.00 Mg/l+AF0-+ACI-,,Turbidity+AFs-2.00 NTU+AF0-
120,BIHAR,SUPAUL,TRIVENIGANJ,TRIBENIGANJ,SIMARIA,SEMARIA,PASWAN TOLA,Primary School Arariya 205 / SC5015842,Deep Tubewell,SUPAUL,01/09/2015,,+ACI-Iron+AFs-0.19 Mg/l+AF0-,Fluoride+AFs-0.63 Mg/l+AF0-,pH+AFs-7.08 PH+AF0-,TDS+AFs-328.00 Mg/l+AF0-+ACI-,,Turbidity+AFs-1.00 NTU+AF0-
121,BIHAR,SUPAUL,TRIVENIGANJ,TRIBENIGANJ,SIMARIA,SEMARIA,SHARMA TOLA,SC150002102,Deep Tubewell,SUPAUL,01/09/2015,,+ACI-Iron+AFs-0.17 Mg/l+AF0-,Fluoride+AFs-0.72 Mg/l+AF0-,pH+AFs-7.17 PH+AF0-,TDS+AFs-289.00 Mg/l+AF0-+ACI-,,Turbidity+AFs-1.00 NTU+AF0-
122,BIHAR,SUPAUL,TRIVENIGANJ,TRIBENIGANJ,SIMARIA,SEMARIA,SHARMA TOLA,Inside Habitation / SC150085853,Shallow Tubewell,SUPAUL,01/09/2015,,+ACI-Iron+AFs-0.18 Mg/l+AF0-,Fluoride+AFs-0.68 Mg/l+AF0-,pH+AFs-7.25 PH+AF0-,TDS+AFs-345.00 Mg/l+AF0-+ACI-,,Turbidity+AFs-2.00 NTU+AF0-
123,BIHAR,SUPAUL,TRIVENIGANJ,TRIBENIGANJ,SIMARIA,SEMARIA,SHARMA TOLA,Inside Habitation / SC150090590,Shallow Tubewell,SUPAUL,01/09/2015,,+ACI-Iron+AFs-0.25 Mg/l+AF0-,Fluoride+AFs-0.85 Mg/l+AF0-,pH+AFs-7.26 PH+AF0-,TDS+AFs-327.00 Mg/l+AF0-+ACI-,,Turbidity+AFs-1.00 NTU+AF0-
124,BIHAR,SUPAUL,TRIVENIGANJ,TRIBENIGANJ,SIMARIA,SEMARIA,SHARMA TOLA,SC1741909,Shallow Tubewell,SUPAUL,01/09/2015,,+ACI-Iron+AFs-0.28 Mg/l+AF0-,Fluoride+AFs-0.55 Mg/l+AF0-,pH+AFs-7.18 PH+AF0-,TDS+AFs-352.00 Mg/l+AF0-+ACI-,,Turbidity+AFs-1.00 NTU+AF0-
125,BIHAR,SUPAUL,TRIVENIGANJ,TRIBENIGANJ,SIMARIA,SEMARIA,SHARMA TOLA,SC3927744,Deep Tubewell,SUPAUL,01/09/2015,,+ACI-Iron+AFs-0.19 Mg/l+AF0-,Fluoride+AFs-0.75 Mg/l+AF0-,pH+AFs-7.26 PH+AF0-,TDS+AFs-365.00 Mg/l+AF0-+ACI-,,Turbidity+AFs-1.00 NTU+AF0-
126,BIHAR,SUPAUL,TRIVENIGANJ,TRIBENIGANJ,SIMARIA,SEMARIA,SHARMA TOLA,SC4621841,Deep Tubewell,SUPAUL,01/09/2015,,+ACI-Iron+AFs-0.19 Mg/l+AF0-,Fluoride+AFs-0.78 Mg/l+AF0-,pH+AFs-7.27 PH+AF0-,TDS+AFs-356.00 Mg/l+AF0-+ACI-,,Turbidity+AFs-1.00 NTU+AF0-
127,BIHAR,SUPAUL,TRIVENIGANJ,TRIBENIGANJ,SIMARIA,SEMARIA,SIMARIA,Inside Habitation / SC150085848,Shallow Tubewell,SUPAUL,01/09/2015,,+ACI-Iron+AFs-0.28 Mg/l+AF0-,Fluoride+AFs-0.71 Mg/l+AF0-,pH+AFs-7.25 PH+AF0-,TDS+AFs-294.00 Mg/l+AF0-+ACI-,,Turbidity+AFs-1.00 NTU+AF0-
128,BIHAR,SUPAUL,TRIVENIGANJ,TRIBENIGANJ,SIMARIA,SEMARIA,SIMARIA,Inside Habitation / SC150085849,Shallow Tubewell,SUPAUL,01/09/2015,,+ACI-Iron+AFs-0.29 Mg/l+AF0-,Fluoride+AFs-0.52 Mg/l+AF0-,pH+AFs-7.19 PH+AF0-,TDS+AFs-286.00 Mg/l+AF0-+ACI-,,Turbidity+AFs-1.00 NTU+AF0-
129,BIHAR,SUPAUL,TRIVENIGANJ,TRIBENIGANJ,SIMARIA,SEMARIA,SIMARIA,Inside Habitation / SC150085850,Shallow Tubewell,SUPAUL,01/09/2015,,+ACI-Iron+AFs-0.21 Mg/l+AF0-,Fluoride+AFs-0.56 Mg/l+AF0-,pH+AFs-7.11 PH+AF0-,TDS+AFs-327.00 Mg/l+AF0-+ACI-,,Turbidity+AFs-1.00 NTU+AF0-
130,BIHAR,SUPAUL,TRIVENIGANJ,TRIBENIGANJ,SIMARIA,SEMARIA,SIMARIA,Inside Habitation / SC150085851,Shallow Tubewell,SUPAUL,01/09/2015,,+ACI-Iron+AFs-0.19 Mg/l+AF0-,Fluoride+AFs-0.69 Mg/l+AF0-,pH+AFs-7.26 PH+AF0-,TDS+AFs-318.00 Mg/l+AF0-+ACI-,,Turbidity+AFs-2.00 NTU+AF0-
131,BIHAR,SUPAUL,TRIVENIGANJ,TRIBENIGANJ,SIMARIA,SEMARIA,SIMARIA,Inside Habitation / SC150090587,Shallow Tubewell,SUPAUL,01/09/2015,,+ACI-Iron+AFs-0.19 Mg/l+AF0-,Fluoride+AFs-0.75 Mg/l+AF0-,pH+AFs-7.18 PH+AF0-,TDS+AFs-326.00 Mg/l+AF0-+ACI-,,Turbidity+AFs-1.00 NTU+AF0-
132,BIHAR,SUPAUL,TRIVENIGANJ,TRIBENIGANJ,SIMARIA,SEMARIA,SIMARIA,SC45992,Shallow Tubewell,SUPAUL,01/09/2015,,+ACI-Iron+AFs-0.28 Mg/l+AF0-,Fluoride+AFs-0.78 Mg/l+AF0-,pH+AFs-7.15 PH+AF0-,TDS+AFs-323.00 Mg/l+AF0-+ACI-,,Turbidity+AFs-1.00 NTU+AF0-
133,BIHAR,SUPAUL,TRIVENIGANJ,TRIBENIGANJ,SIMARIA,SEMARIA,SIMARIA,SC47327,Shallow Tubewell,SUPAUL,01/09/2015,,+ACI-Iron+AFs-0.17 Mg/l+AF0-,Fluoride+AFs-0.72 Mg/l+AF0-,pH+AFs-7.21 PH+AF0-,TDS+AFs-315.00 Mg/l+AF0-+ACI-,,Turbidity+AFs-1.00 NTU+AF0-
134,BIHAR,SUPAUL,TRIVENIGANJ,TRIBENIGANJ,SIMARIA,SEMARIA,SIMARIA,SC47811,Shallow Tubewell,SUPAUL,01/09/2015,,+ACI-Iron+AFs-0.12 Mg/l+AF0-,Fluoride+AFs-0.75 Mg/l+AF0-,pH+AFs-7.26 PH+AF0-,TDS+AFs-332.00 Mg/l+AF0-+ACI-,,Turbidity+AFs-2.00 NTU+AF0-
135,BIHAR,SUPAUL,TRIVENIGANJ,TRIBENIGANJ,SIMARIA,SEMARIA,SIMARIA,SC48140,Shallow Tubewell,SUPAUL,01/09/2015,,+ACI-Iron+AFs-0.26 Mg/l+AF0-,Fluoride+AFs-0.58 Mg/l+AF0-,pH+AFs-7.04 PH+AF0-,TDS+AFs-322.00 Mg/l+AF0-+ACI-,,Turbidity+AFs-1.00 NTU+AF0-
136,BIHAR,SUPAUL,TRIVENIGANJ,TRIBENIGANJ,SIMARIA,SEMARIA,THAKUR TOLA,Inside Habitation / SC150085854,Deep Tubewell,SUPAUL,01/09/2015,,+ACI-Iron+AFs-0.26 Mg/l+AF0-,Fluoride+AFs-0.56 Mg/l+AF0-,pH+AFs-7.04 PH+AF0-,TDS+AFs-307.00 Mg/l+AF0-+ACI-,,Turbidity+AFs-1.00 NTU+AF0-
137,BIHAR,SUPAUL,TRIVENIGANJ,TRIBENIGANJ,SIMARIA,SEMARIA,THAKUR TOLA,Inside Habitation / SC150090591,Deep Tubewell,SUPAUL,01/09/2015,,+ACI-Iron+AFs-0.27 Mg/l+AF0-,Fluoride+AFs-0.73 Mg/l+AF0-,pH+AFs-7.24 PH+AF0-,TDS+AFs-319.00 Mg/l+AF0-+ACI-,,Turbidity+AFs-1.00 NTU+AF0-
138,BIHAR,SUPAUL,TRIVENIGANJ,TRIBENIGANJ,SIMARIA,SEMARIA,THAKUR TOLA,T/W 1 / SC150145524,Deep Tubewell,SUPAUL,01/09/2015,,+ACI-Iron+AFs-0.26 Mg/l+AF0-,Fluoride+AFs-0.78 Mg/l+AF0-,pH+AFs-7.22 PH+AF0-,TDS+AFs-332.00 Mg/l+AF0-+ACI-,,Turbidity+AFs-1.00 NTU+AF0-
139,BIHAR,SUPAUL,TRIVENIGANJ,TRIBENIGANJ,SIMARIA,SEMARIA,THAKUR TOLA,Nc/Pc Scheme For Tribeniganjl Block / SC4436165,Deep Tubewell,SUPAUL,01/09/2015,,+ACI-Iron+AFs-0.26 Mg/l+AF0-,Fluoride+AFs-0.63 Mg/l+AF0-,pH+AFs-6.99 PH+AF0-,TDS+AFs-312.00 Mg/l+AF0-+ACI-,,Turbidity+AFs-1.00 NTU+AF0-
140,BIHAR,SUPAUL,TRIVENIGANJ,TRIBENIGANJ,SIMARIA,SEMARIA,YADAV TOLA,SC150002101,Deep Tubewell,SUPAUL,01/09/2015,,+ACI-Iron+AFs-0.18 Mg/l+AF0-,Fluoride+AFs-0.56 Mg/l+AF0-,pH+AFs-7.15 PH+AF0-,TDS+AFs-342.00 Mg/l+AF0-+ACI-,,Turbidity+AFs-1.00 NTU+AF0-
141,BIHAR,SUPAUL,TRIVENIGANJ,TRIBENIGANJ,SIMARIA,SEMARIA,YADAV TOLA,Inside Habitation / SC150090595,Deep Tubewell,SUPAUL,01/09/2015,,+ACI-Iron+AFs-0.24 Mg/l+AF0-,Fluoride+AFs-0.65 Mg/l+AF0-,pH+AFs-7.20 PH+AF0-,TDS+AFs-345.00 Mg/l+AF0-+ACI-,,Turbidity+AFs-1.00 NTU+AF0-
142,BIHAR,SUPAUL,TRIVENIGANJ,TRIBENIGANJ,SIMARIA,SEMARIA,YADAV TOLA,SC2492488,Deep Tubewell,SUPAUL,01/09/2015,,+ACI-Iron+AFs-0.26 Mg/l+AF0-,Fluoride+AFs-0.56 Mg/l+AF0-,pH+AFs-7.21 PH+AF0-,TDS+AFs-299.00 Mg/l+AF0-+ACI-,,Turbidity+AFs-1.00 NTU+AF0-
143,BIHAR,SUPAUL,TRIVENIGANJ,TRIBENIGANJ,SIMARIA,SEMARIA,YADAV TOLA,SC3927743,Deep Tubewell,SUPAUL,01/09/2015,,+ACI-Iron+AFs-0.19 Mg/l+AF0-,Fluoride+AFs-0.65 Mg/l+AF0-,pH+AFs-7.23 PH+AF0-,TDS+AFs-318.00 Mg/l+AF0-+ACI-,,Turbidity+AFs-1.00 NTU+AF0-
144,BIHAR,SUPAUL,TRIVENIGANJ,TRIBENIGANJ,SIMARIA,SEMARIA,YADAV TOLA,SC4621840,Deep Tubewell,SUPAUL,01/09/2015,,+ACI-Iron+AFs-0.26 Mg/l+AF0-,Fluoride+AFs-0.68 Mg/l+AF0-,pH+AFs-7.26 PH+AF0-,TDS+AFs-342.00 Mg/l+AF0-+ACI-,,Turbidity+AFs-2.00 NTU+AF0-
145,BIHAR,SUPAUL,TRIVENIGANJ,TRIBENIGANJ,THALHAGARHIA SOUTH,THALHA GARHIA,CHAMAR TOLA,Inside Habitation / SC150085881,Deep Tubewell,SUPAUL,01/09/2015,,+ACI-Iron+AFs-0.18 Mg/l+AF0-,Fluoride+AFs-0.65 Mg/l+AF0-,pH+AFs-7.08 PH+AF0-,TDS+AFs-329.00 Mg/l+AF0-+ACI-,,Turbidity+AFs-1.00 NTU+AF0-
146,BIHAR,SUPAUL,TRIVENIGANJ,TRIBENIGANJ,THALHAGARHIA SOUTH,THALHA GARHIA,CHAMAR TOLA,Inside Habitation / SC150090627,Deep Tubewell,SUPAUL,01/09/2015,,+ACI-Iron+AFs-0.17 Mg/l+AF0-,Fluoride+AFs-0.75 Mg/l+AF0-,pH+AFs-7.21 PH+AF0-,TDS+AFs-326.00 Mg/l+AF0-+ACI-,,Turbidity+AFs-1.00 NTU+AF0-
147,BIHAR,SUPAUL,TRIVENIGANJ,TRIBENIGANJ,THALHAGARHIA SOUTH,THALHA GARHIA,CHAMAR TOLA,T/W 1 / SC150145525,Deep Tubewell,SUPAUL,01/09/2015,,+ACI-Iron+AFs-0.14 Mg/l+AF0-,Fluoride+AFs-0.73 Mg/l+AF0-,pH+AFs-7.31 PH+AF0-,TDS+AFs-323.00 Mg/l+AF0-+ACI-,,Turbidity+AFs-2.00 NTU+AF0-
148,BIHAR,SUPAUL,TRIVENIGANJ,TRIBENIGANJ,THALHAGARHIA SOUTH,THALHA GARHIA,CHAMAR TOLA,Nc/Pc Scheme For Tribeniganjl Block / SC4436172,Deep Tubewell,SUPAUL,01/09/2015,,+ACI-Iron+AFs-0.17 Mg/l+AF0-,Fluoride+AFs-0.76 Mg/l+AF0-,pH+AFs-7.26 PH+AF0-,TDS+AFs-382.00 Mg/l+AF0-+ACI-,,Turbidity+AFs-2.00 NTU+AF0-
149,BIHAR,SUPAUL,TRIVENIGANJ,TRIBENIGANJ,THALHAGARHIA SOUTH,THALHA GARHIA,GORHI TOLA,Inside Habitation / SC150090621,Deep Tubewell,SUPAUL,01/09/2015,,+ACI-Iron+AFs-0.26 Mg/l+AF0-,Fluoride+AFs-0.76 Mg/l+AF0-,pH+AFs-7.25 PH+AF0-,TDS+AFs-328.00 Mg/l+AF0-+ACI-,,Turbidity+AFs-1.00 NTU+AF0-
150,BIHAR,SUPAUL,TRIVENIGANJ,TRIBENIGANJ,THALHAGARHIA SOUTH,THALHA GARHIA,GORHI TOLA,T/W 1 / SC150145526,Deep Tubewell,SUPAUL,01/09/2015,,+ACI-Iron+AFs-0.27 Mg/l+AF0-,Fluoride+AFs-0.72 Mg/l+AF0-,pH+AFs-7.07 PH+AF0-,TDS+AFs-328.00 Mg/l+AF0-+ACI-,,Turbidity+AFs-1.00 NTU+AF0-
151,BIHAR,SUPAUL,TRIVENIGANJ,TRIBENIGANJ,THALHAGARHIA SOUTH,THALHA GARHIA,GORHI TOLA,SC3927738,Deep Tubewell,SUPAUL,01/09/2015,,+ACI-Iron+AFs-0.27 Mg/l+AF0-,Fluoride+AFs-0.64 Mg/l+AF0-,pH+AFs-7.19 PH+AF0-,TDS+AFs-352.00 Mg/l+AF0-+ACI-,,Turbidity+AFs-1.00 NTU+AF0-
152,BIHAR,SUPAUL,TRIVENIGANJ,TRIBENIGANJ,THALHAGARHIA SOUTH,THALHA GARHIA,MANDAL TOLA,Inside Habitation / SC150085877,Shallow Tubewell,SUPAUL,01/09/2015,,+ACI-Iron+AFs-0.13 Mg/l+AF0-,Fluoride+AFs-0.69 Mg/l+AF0-,pH+AFs-7.18 PH+AF0-,TDS+AFs-326.00 Mg/l+AF0-+ACI-,,Turbidity+AFs-1.00 NTU+AF0-
153,BIHAR,SUPAUL,TRIVENIGANJ,TRIBENIGANJ,THALHAGARHIA SOUTH,THALHA GARHIA,MANDAL TOLA,Inside Habitation / SC150090622,Shallow Tubewell,SUPAUL,01/09/2015,,+ACI-Iron+AFs-0.17 Mg/l+AF0-,Fluoride+AFs-0.58 Mg/l+AF0-,pH+AFs-7.08 PH+AF0-,TDS+AFs-281.00 Mg/l+AF0-+ACI-,,Turbidity+AFs-1.00 NTU+AF0-
154,BIHAR,SUPAUL,TRIVENIGANJ,TRIBENIGANJ,THALHAGARHIA SOUTH,THALHA GARHIA,MANDAL TOLA,SC44462,Shallow Tubewell,SUPAUL,01/09/2015,,+ACI-Iron+AFs-0.23 Mg/l+AF0-,Fluoride+AFs-0.74 Mg/l+AF0-,pH+AFs-7.21 PH+AF0-,TDS+AFs-293.00 Mg/l+AF0-+ACI-,,Turbidity+AFs-1.00 NTU+AF0-
155,BIHAR,SUPAUL,TRIVENIGANJ,TRIBENIGANJ,THALHAGARHIA SOUTH,THALHA GARHIA,MUSHARI,Inside Habitation / SC150085879,Shallow Tubewell,SUPAUL,01/09/2015,,+ACI-Iron+AFs-0.27 Mg/l+AF0-,Fluoride+AFs-0.73 Mg/l+AF0-,pH+AFs-7.26 PH+AF0-,TDS+AFs-304.00 Mg/l+AF0-+ACI-,,Turbidity+AFs-2.00 NTU+AF0-
156,BIHAR,SUPAUL,TRIVENIGANJ,TRIBENIGANJ,THALHAGARHIA SOUTH,THALHA GARHIA,MUSHARI,Inside Habitation / SC150090625,Shallow Tubewell,SUPAUL,01/09/2015,,+ACI-Iron+AFs-0.17 Mg/l+AF0-,Fluoride+AFs-0.58 Mg/l+AF0-,pH+AFs-7.07 PH+AF0-,TDS+AFs-275.00 Mg/l+AF0-+ACI-,,Turbidity+AFs-1.00 NTU+AF0-
157,BIHAR,SUPAUL,TRIVENIGANJ,TRIBENIGANJ,THALHAGARHIA SOUTH,THALHA GARHIA,MUSHARI,Rameshwar Yadav / SC1722996,Shallow Tubewell,SUPAUL,01/09/2015,,+ACI-Iron+AFs-0.26 Mg/l+AF0-,Fluoride+AFs-0.65 Mg/l+AF0-,pH+AFs-7.18 PH+AF0-,TDS+AFs-326.00 Mg/l+AF0-+ACI-,,Turbidity+AFs-2.00 NTU+AF0-
158,BIHAR,SUPAUL,TRIVENIGANJ,TRIBENIGANJ,THALHAGARHIA SOUTH,THALHA GARHIA,MUSHARI,SC4696456,Deep Tubewell,SUPAUL,01/09/2015,,+ACI-Iron+AFs-0.19 Mg/l+AF0-,Fluoride+AFs-0.73 Mg/l+AF0-,pH+AFs-7.24 PH+AF0-,TDS+AFs-353.00 Mg/l+AF0-+ACI-,,Turbidity+AFs-1.00 NTU+AF0-
159,BIHAR,SUPAUL,TRIVENIGANJ,TRIBENIGANJ,THALHAGARHIA SOUTH,THALHA GARHIA,MUSLMAN TOLA,Inside Habitation / SC150085876,Shallow Tubewell,SUPAUL,01/09/2015,,+ACI-Iron+AFs-0.21 Mg/l+AF0-,Fluoride+AFs-0.73 Mg/l+AF0-,pH+AFs-7.31 PH+AF0-,TDS+AFs-346.00 Mg/l+AF0-+ACI-,,Turbidity+AFs-2.00 NTU+AF0-
160,BIHAR,SUPAUL,TRIVENIGANJ,TRIBENIGANJ,THALHAGARHIA SOUTH,THALHA GARHIA,MUSLMAN TOLA,Inside Habitation / SC150090620,Shallow Tubewell,SUPAUL,01/09/2015,,+ACI-Iron+AFs-0.28 Mg/l+AF0-,Fluoride+AFs-0.76 Mg/l+AF0-,pH+AFs-7.13 PH+AF0-,TDS+AFs-296.00 Mg/l+AF0-+ACI-,,Turbidity+AFs-1.00 NTU+AF0-
161,BIHAR,SUPAUL,TRIVENIGANJ,TRIBENIGANJ,THALHAGARHIA SOUTH,THALHA GARHIA,MUSLMAN TOLA,Baijnath Yadav / SC1722994,Shallow Tubewell,SUPAUL,01/09/2015,,+ACI-Iron+AFs-0.16 Mg/l+AF0-,Fluoride+AFs-0.75 Mg/l+AF0-,pH+AFs-7.21 PH+AF0-,TDS+AFs-362.00 Mg/l+AF0-+ACI-,,Turbidity+AFs-1.00 NTU+AF0-
162,BIHAR,SUPAUL,TRIVENIGANJ,TRIBENIGANJ,THALHAGARHIA SOUTH,THALHA GARHIA,MUSLMAN TOLA,SC2492482,Deep Tubewell,SUPAUL,01/09/2015,,+ACI-Iron+AFs-0.22 Mg/l+AF0-,Fluoride+AFs-0.68 Mg/l+AF0-,pH+AFs-7.09 PH+AF0-,TDS+AFs-317.00 Mg/l+AF0-+ACI-,,Turbidity+AFs-1.00 NTU+AF0-
163,BIHAR,SUPAUL,TRIVENIGANJ,TRIBENIGANJ,THALHAGARHIA SOUTH,THALHA GARHIA,NEPALI TOLA,Inside Habitation / SC150085878,Deep Tubewell,SUPAUL,01/09/2015,,+ACI-Iron+AFs-0.17 Mg/l+AF0-,Fluoride+AFs-0.79 Mg/l+AF0-,pH+AFs-7.27 PH+AF0-,TDS+AFs-365.00 Mg/l+AF0-+ACI-,,Turbidity+AFs-2.00 NTU+AF0-
164,BIHAR,SUPAUL,TRIVENIGANJ,TRIBENIGANJ,THALHAGARHIA SOUTH,THALHA GARHIA,NEPALI TOLA,Inside Habitation / SC150090624,Deep Tubewell,SUPAUL,01/09/2015,,+ACI-Iron+AFs-0.25 Mg/l+AF0-,Fluoride+AFs-0.72 Mg/l+AF0-,pH+AFs-7.23 PH+AF0-,TDS+AFs-382.00 Mg/l+AF0-+ACI-,,Turbidity+AFs-1.00 NTU+AF0-
165,BIHAR,SUPAUL,TRIVENIGANJ,TRIBENIGANJ,THALHAGARHIA SOUTH,THALHA GARHIA,NEPALI TOLA,Nc/Pc Scheme For Tribeniganjl Block / SC4436173,Deep Tubewell,SUPAUL,01/09/2015,,+ACI-Iron+AFs-0.18 Mg/l+AF0-,Fluoride+AFs-0.68 Mg/l+AF0-,pH+AFs-7.18 PH+AF0-,TDS+AFs-286.00 Mg/l+AF0-+ACI-,,Turbidity+AFs-1.00 NTU+AF0-
166,BIHAR,SUPAUL,TRIVENIGANJ,TRIBENIGANJ,THALHAGARHIA SOUTH,THALHA GARHIA,NEPALI TOLA,SC4696454,Deep Tubewell,SUPAUL,01/09/2015,,+ACI-Iron+AFs-0.29 Mg/l+AF0-,Fluoride+AFs-0.77 Mg/l+AF0-,pH+AFs-7.21 PH+AF0-,TDS+AFs-326.00 Mg/l+AF0-+ACI-,,Turbidity+AFs-2.00 NTU+AF0-
167,BIHAR,SUPAUL,TRIVENIGANJ,TRIBENIGANJ,THALHAGARHIA SOUTH,THALHA GARHIA,PASWAN TOLA,Inside Habitation / SC150085882,Shallow Tubewell,SUPAUL,01/09/2015,,+ACI-Iron+AFs-0.16 Mg/l+AF0-,Fluoride+AFs-0.69 Mg/l+AF0-,pH+AFs-7.10 PH+AF0-,TDS+AFs-297.00 Mg/l+AF0-+ACI-,,Turbidity+AFs-1.00 NTU+AF0-
168,BIHAR,SUPAUL,TRIVENIGANJ,TRIBENIGANJ,THALHAGARHIA SOUTH,THALHA GARHIA,PASWAN TOLA,Inside Habitation / SC150090628,Shallow Tubewell,SUPAUL,01/09/2015,,+ACI-Iron+AFs-0.21 Mg/l+AF0-,Fluoride+AFs-0.78 Mg/l+AF0-,pH+AFs-7.08 PH+AF0-,TDS+AFs-289.00 Mg/l+AF0-+ACI-,,Turbidity+AFs-1.00 NTU+AF0-
169,BIHAR,SUPAUL,TRIVENIGANJ,TRIBENIGANJ,THALHAGARHIA SOUTH,THALHA GARHIA,PASWAN TOLA,SC1741915,Shallow Tubewell,SUPAUL,01/09/2015,,+ACI-Iron+AFs-0.19 Mg/l+AF0-,Fluoride+AFs-0.71 Mg/l+AF0-,pH+AFs-7.22 PH+AF0-,TDS+AFs-352.00 Mg/l+AF0-+ACI-,,Turbidity+AFs-2.00 NTU+AF0-
170,BIHAR,SUPAUL,TRIVENIGANJ,TRIBENIGANJ,THALHAGARHIA SOUTH,THALHA GARHIA,SAFI TOLA,Inside Habitation / SC150085880,Deep Tubewell,SUPAUL,01/09/2015,,+ACI-Iron+AFs-0.17 Mg/l+AF0-,Fluoride+AFs-0.82 Mg/l+AF0-,pH+AFs-7.23 PH+AF0-,TDS+AFs-374.00 Mg/l+AF0-+ACI-,,Turbidity+AFs-2.00 NTU+AF0-
171,BIHAR,SUPAUL,TRIVENIGANJ,TRIBENIGANJ,THALHAGARHIA SOUTH,THALHA GARHIA,SAFI TOLA,Inside Habitation / SC150090626,Deep Tubewell,SUPAUL,01/09/2015,,+ACI-Iron+AFs-0.28 Mg/l+AF0-,Fluoride+AFs-0.79 Mg/l+AF0-,pH+AFs-7.27 PH+AF0-,TDS+AFs-382.00 Mg/l+AF0-+ACI-,,Turbidity+AFs-1.00 NTU+AF0-
172,BIHAR,SUPAUL,TRIVENIGANJ,TRIBENIGANJ,THALHAGARHIA SOUTH,THALHA GARHIA,SAFI TOLA,Nc/Pc Scheme For Tribeniganjl Block / SC4436174,Deep Tubewell,SUPAUL,01/09/2015,,+ACI-Iron+AFs-0.21 Mg/l+AF0-,Fluoride+AFs-0.74 Mg/l+AF0-,pH+AFs-7.26 PH+AF0-,TDS+AFs-358.00 Mg/l+AF0-+ACI-,,Turbidity+AFs-1.00 NTU+AF0-
173,BIHAR,SUPAUL,TRIVENIGANJ,TRIBENIGANJ,THALHAGARHIA SOUTH,THALHA GARHIA,SAFI TOLA,SC4696455,Deep Tubewell,SUPAUL,01/09/2015,,+ACI-Iron+AFs-0.17 Mg/l+AF0-,Fluoride+AFs-0.68 Mg/l+AF0-,pH+AFs-7.08 PH+AF0-,TDS+AFs-304.00 Mg/l+AF0-+ACI-,,Turbidity+AFs-1.00 NTU+AF0-
174,BIHAR,SUPAUL,TRIVENIGANJ,TRIBENIGANJ,THALHAGARHIA SOUTH,THALHA GARHIA,SAHU TOLA,Inside Habitation / SC150090623,Deep Tubewell,SUPAUL,01/09/2015,,+ACI-Iron+AFs-0.26 Mg/l+AF0-,Fluoride+AFs-0.57 Mg/l+AF0-,pH+AFs-7.21 PH+AF0-,TDS+AFs-276.00 Mg/l+AF0-+ACI-,,Turbidity+AFs-1.00 NTU+AF0-
175,BIHAR,SUPAUL,TRIVENIGANJ,TRIBENIGANJ,THALHAGARHIA SOUTH,THALHA GARHIA,SAHU TOLA,SC3927737,Deep Tubewell,SUPAUL,01/09/2015,,+ACI-Iron+AFs-0.18 Mg/l+AF0-,Fluoride+AFs-0.74 Mg/l+AF0-,pH+AFs-7.22 PH+AF0-,TDS+AFs-315.00 Mg/l+AF0-+ACI-,,Turbidity+AFs-1.00 NTU+AF0-
176,BIHAR,SUPAUL,TRIVENIGANJ,TRIBENIGANJ,THALHAGARHIA SOUTH,THALHA GARHIA,SAHU TOLA,SC4696453,Deep Tubewell,SUPAUL,01/09/2015,,+ACI-Iron+AFs-0.24 Mg/l+AF0-,Fluoride+AFs-0.85 Mg/l+AF0-,pH+AFs-7.26 PH+AF0-,TDS+AFs-371.00 Mg/l+AF0-+ACI-,,Turbidity+AFs-2.00 NTU+AF0-
177,BIHAR,SUPAUL,TRIVENIGANJ,TRIBENIGANJ,THALHAGARHIA SOUTH,THALHA GARHIA,SARDAR TOLA,Inside Habitation / SC150085883,Shallow Tubewell,SUPAUL,01/09/2015,,+ACI-Iron+AFs-0.22 Mg/l+AF0-,Fluoride+AFs-0.66 Mg/l+AF0-,pH+AFs-7.15 PH+AF0-,TDS+AFs-291.00 Mg/l+AF0-+ACI-,,Turbidity+AFs-2.00 NTU+AF0-
178,BIHAR,SUPAUL,TRIVENIGANJ,TRIBENIGANJ,THALHAGARHIA SOUTH,THALHA GARHIA,SARDAR TOLA,Inside Habitation / SC150085884,Shallow Tubewell,SUPAUL,01/09/2015,,+ACI-Iron+AFs-0.18 Mg/l+AF0-,Fluoride+AFs-0.74 Mg/l+AF0-,pH+AFs-7.24 PH+AF0-,TDS+AFs-289.00 Mg/l+AF0-+ACI-,,Turbidity+AFs-1.00 NTU+AF0-
179,BIHAR,SUPAUL,TRIVENIGANJ,TRIBENIGANJ,THALHAGARHIA SOUTH,THALHA GARHIA,SARDAR TOLA,Inside Habitation / SC150090629,Shallow Tubewell,SUPAUL,01/09/2015,,+ACI-Iron+AFs-0.23 Mg/l+AF0-,Fluoride+AFs-0.71 Mg/l+AF0-,pH+AFs-7.22 PH+AF0-,TDS+AFs-296.00 Mg/l+AF0-+ACI-,,Turbidity+AFs-2.00 NTU+AF0-
180,BIHAR,SUPAUL,TRIVENIGANJ,TRIBENIGANJ,THALHAGARHIA SOUTH,THALHA GARHIA,SARDAR TOLA,SC1741917,Shallow Tubewell,SUPAUL,01/09/2015,,+ACI-Iron+AFs-0.15 Mg/l+AF0-,Fluoride+AFs-0.75 Mg/l+AF0-,pH+AFs-7.09 PH+AF0-,TDS+AFs-321.00 Mg/l+AF0-+ACI-,,Turbidity+AFs-1.00 NTU+AF0-
181,BIHAR,SUPAUL,TRIVENIGANJ,TRIBENIGANJ,THALHAGARHIA SOUTH,THALHA GARHIA,SARDAR TOLA,SC49854,Shallow Tubewell,SUPAUL,01/09/2015,,+ACI-Iron+AFs-0.16 Mg/l+AF0-,Fluoride+AFs-0.69 Mg/l+AF0-,pH+AFs-7.21 PH+AF0-,TDS+AFs-298.00 Mg/l+AF0-+ACI-,,Turbidity+AFs-1.00 NTU+AF0-
182,BIHAR,SUPAUL,TRIVENIGANJ,TRIBENIGANJ,THALHAGARHIA SOUTH,THALHA GARHIA,THALHA GARHIA,Inside Habitation / SC150090618,Deep Tubewell,SUPAUL,01/09/2015,,+ACI-Iron+AFs-0.28 Mg/l+AF0-,Fluoride+AFs-0.64 Mg/l+AF0-,pH+AFs-7.11 PH+AF0-,TDS+AFs-315.00 Mg/l+AF0-+ACI-,,Turbidity+AFs-1.00 NTU+AF0-
183,BIHAR,SUPAUL,TRIVENIGANJ,TRIBENIGANJ,THALHAGARHIA SOUTH,THALHA GARHIA,THALHA GARHIA,SC2492484,Deep Tubewell,SUPAUL,01/09/2015,,+ACI-Iron+AFs-0.23 Mg/l+AF0-,Fluoride+AFs-0.67 Mg/l+AF0-,pH+AFs-7.25 PH+AF0-,TDS+AFs-312.00 Mg/l+AF0-+ACI-,,Turbidity+AFs-1.00 NTU+AF0-
184,BIHAR,SUPAUL,TRIVENIGANJ,TRIBENIGANJ,THALHAGARHIA SOUTH,THALHA GARHIA,THALHA GARHIA,Community House Sredaha 35 / SC5015878,Deep Tubewell,SUPAUL,01/09/2015,,+ACI-Iron+AFs-0.29 Mg/l+AF0-,Fluoride+AFs-0.76 Mg/l+AF0-,pH+AFs-7.28 PH+AF0-,TDS+AFs-314.00 Mg/l+AF0-+ACI-,,Turbidity+AFs-2.00 NTU+AF0-
185,BIHAR,SUPAUL,TRIVENIGANJ,TRIBENIGANJ,THALHAGARHIA SOUTH,THALHA GARHIA,YADAV TOLA,Inside Habitation / SC150090619,Deep Tubewell,SUPAUL,01/09/2015,,+ACI-Iron+AFs-0.28 Mg/l+AF0-,Fluoride+AFs-0.63 Mg/l+AF0-,pH+AFs-7.24 PH+AF0-,TDS+AFs-286.00 Mg/l+AF0-+ACI-,,Turbidity+AFs-1.00 NTU+AF0-
186,BIHAR,SUPAUL,TRIVENIGANJ,TRIBENIGANJ,THALHAGARHIA SOUTH,THALHA GARHIA,YADAV TOLA,SC2492483,Deep Tubewell,SUPAUL,01/09/2015,,+ACI-Iron+AFs-0.29 Mg/l+AF0-,Fluoride+AFs-0.68 Mg/l+AF0-,pH+AFs-7.16 PH+AF0-,TDS+AFs-311.00 Mg/l+AF0-+ACI-,,Turbidity+AFs-2.00 NTU+AF0-
